" The customer does not exist in the system anymore."," Система не нашла информацию о данном покупателе"
" [deleted]"," [удалено]"
" and "," и "
" note that the URLs provided below are the correct values for your current website): "," напоминаем, что показанные ниже адреса правильные для Вашего текущего сайта): "
"%s (Default Template from Locale)","%s (Стандартный шаблон из языкового пакета)"
"%s cache type(s) disabled.","Типов кэша отключено: %s шт."
"%s cache type(s) enabled.","Типов кэша включено: %s шт."
"%s cache type(s) refreshed.","Типов кэша обновлено: %s шт."
"(Absolute path or Relative to Magento install root, ex. var/export)","(Абсолютный или относительный путь к корневой папке Magento, например var/export)"
"(For Type ""Local Server"" need to use relative path to Magento install var/export or var/import, e.g. var/export, var/import, var/export/some/dir, var/import/some/dir)","Если Вы указали в качестве типа сервера «Локальный сервер», то путь к папке файла укажите относительно корня сайта, например: «var/export», «var/import», «var/export/papka», «var/import/papka»"
"(For US 2-letter state names)","(Для двухбуквенных названий штатов США)"
"(If left empty will be auto-generated)","(Будет создано автоматически, если оставить пустым)"
"(Leave empty for first spreadsheet)","(Оставьте пустым для первой таблицы)"
"(Products will be added/updated to this store if 'store' column is blank or missing in the import file.)","(Система будет использовать значение этого поля в том случае, если в импортируемом файле для конкретной импортируемой строки отсутствует значение свойства «store»)"
"(Shift-)Click or drag to change value","(Shift+)Нажмите или тяните для изменения значения"
"(Starting with)","(Начиная с)"
"(When 'No', only mapped fields will be imported. When mapping, use 'column1', 'column2', etc.)","(Если выбрано «Нет», будут импортированы только перечисленные ниже свойства."
"(You have to increase php memory_limit before changing this value)","(Увеличение этого значения может повысить скорость обработки данных, однако в то же время приведёт к большему расходу оперативной памяти)"
"(\\t for tab)","(\\t для tab)"
"* - If indexing is in progress, it will be killed and new indexing process will start.","* — Если система в данный момент составляет расчётные таблицы, то она прервётся и переделает эти таблицы заново."
"* Required Fields","* обязательные поля"
"- Click on any of the time parts to increase it","- Нажмите на любую часть времени для её увеличения"
"- Hold mouse button on any of the above buttons for faster selection.","- Держите кнопку мышки нажатой на любой из этих кнопок для более быстрого выбора."
"- Use the %s buttons to select month","- Используйте кнопки %s для выбора месяца"
"- Use the %s, %s buttons to select year","- Используйте кнопки %s, %s для выбора года"
"- Use the %s, %s buttons to select month","- Используйте кнопки %s и %s для выбора месяца"
"- or Shift-click to decrease it","- или Shift+щелчок мышки для уменьшения"
"- or click and drag for faster selection.","- или нажмите и тяните для более быстрого выбора."
"-- Not Selected --","-- Не выбрано --"
"-- Please Select --","-- выберите значение --"
"-- Please Select Billing Agreement--","-- Выберите соглашение с PayPal о безакцептном списании --"
"-- Please Select a Category --","-- Выберите товарный раздел --"
"-- Please select --","-- выберите значение --"
"--Please Select--","-- выберите значение --"
"1 Hour","1 час"
"10:40:00 AM","10:40 утра"
"12 Hours","12 часов"
"12h AM/PM","12 часовой (AM/PM)"
"2 Hours","2 часа"
"24 Hours","24 часа"
"24h","24 часовой"
"2YTD","2 Года"
"6 Hours","6 часов"
"80px x 80px","80px x 80px"
"80x80 px","80x80 px"
"<h1 class=""page-heading"">404 Error</h1><p>Page not found.</p>","<h1 class=""page-heading"">Ошибка 404</h1><p>Страница не найдена.</p>"
"<strong>%s</strong> requests access to your account","Приложение <strong>%s</strong> просит доступа к Вашей учётной записи"
"<strong>Attention</strong>: Captcha is case sensitive.","Проверочный код чувствителен к регистру букв: прописные и строчные буквы считаются разными."
"A new password was sent to your email address. Please check your email and click Back to Login.","Мы выслали Вам новый пароль по электронной почте. Для возврата к форме авторизации нажмите «Вернуться»."
"A user with the same user name or email aleady exists.","Администратор с таким именем или адресом электронной почты уже существует."
"API Key","Пароль"
"API Key Confirmation","Пароль повторно"
"Abandoned Carts","Заброшенные корзины"
"About the calendar","О календаре"
"Access Denied","Доступ запрещён"
"Access denied","Доступ запрещён"
"Access denied.","Доступ запрещён."
"Account Created in:","Интерфейс регистрации:"
"Account Created on (%s):","Время регистрации (%s):"
"Account Created on:","Время регистрации:"
"Account Information","Учётная запись администратора"
"Account Status","Допущен ли администратор к работе?"
"Account status","Допущен ли администратор к работе?"
"Action","Действие"
"Actions","команда"
"Actions XML","Программа в виде XML"
"Activate","Активировать"
"Active","допущен"
"Add","Добавить"
"Add Contents Path","Добавить путь к содержимому"
"Add Exception","добавить исключение для некоторых браузеров/устройств"
"Add Field Mapping","Добавить имя"
"Add Field with URL:","Добавить поле с URL:"
"Add More Templates","Добавить больше шаблонов"
"Add New","Добавить"
"Add New Image","Добавить новое изображение"
"Add Products","Добавить товары"
"Add New Profile","Новая программа"
"Add New Role","Добавить должность"
"Add New Template","Добавить новый шаблон"
"Add New URL Rewrite","Добавить адрес"
"Add New User","Добавить администратора"
"Add New Variable","Добавить новую переменную"
"Add PHP Extension dependency","Добавить зависимость от расширений PHP"
"Add Package dependency","Добавить зависимость от пакетов"
"Add URL Rewrite","Добавить адрес"
"Add URL Rewrite for a Category","Адрес страницы товарного раздела"
"Add URL Rewrite for a Product","Адрес страницы товара"
"Add after","Добавить после"
"Add to Cart","в корзину"
"Add to category","Добавить в раздел"
"Add to Wishlist","запомнить"
"Additional Cache Management","Дополнительные инструменты"
"Address Type:","Тип адреса:"
"Admin","Интерфейс администратора"
"Advanced Admin Section","Настройки повышенной сложности"
"Advanced Profiles","Нестандартные программы"
"Advanced Section","Расширенный раздел"
"After authorization application will have access to you account.","Приложение будет иметь доступ к Вашей учётной записи."
"AirMail Template Preview","Предварительный просмотр шаблона AirMail"
"All","Все"
"All Allowed Countries","нет"
"All Cache","Весь кэш"
"All Files","Все файлы"
"All Reviews","Все отзывы"
"All Store Views","Все витрины"
"All Storefronts","Все витрины"
"All Tags","Все пометки"
"All Websites","Все сайты"
"All countries","любая"
"All fields","Все поля"
"All possible rates were fetched, please click on ""Save"" to apply","Система получила новые курсы, но не для всех валют валют.<br/>Если курсы Вас устраивают, то нажмите «Сохранить»."
"All rates were fetched, please click on ""Save"" to apply","Система успешно получила новые курсы валют.<br/>Если они Вас устраивают, то нажмите кнопку «сохранить курсы валют»"
"All valid rates have been saved.","Система утвердила новые курсы валют."
"Already in category","Уже в разделе"
"Always (during development)","всегда (используйте во время разработки)"
"Amounts","Количества"
"An error has occured while syncronizing media storages.","При сверке хранилищ картинок прозошёл сбой."
"An error occurred while clearing the JavaScript/CSS cache.","При удалении кэша JavaScript/CSS прозошёл сбой."
"An error occurred while clearing the image cache.","При удалении кэша кэша изображений прозошёл сбой."
"An error occurred while creating the backup.","При создании резервной копии прозошёл сбой."
"An error occurred while clearing the configurable swatches image cache.","При удалении кэша образцов произошёл сбой."
"An error occurred while deleting email template data. Please review log and try again.","При удалении шаблона письма прозошёл сбой. Причина сбоя, вероятно, указана в журнале сбоев системы."
"An error occurred while deleting record(s).","При удалении записей произошёл сбой."
"An error occurred while deleting this role.","При удалении должности произошёл сбой."
"An error occurred while deleting this set.","При удалении набора свойств произошёл сбой."
"An error occurred while deleting this template.","При удалении шаблона произошёл сбой."
"An error occurred while deleting URL Rewrite.","При удалении адреса произошёл сбой."
"An error occurred while finishing process. Please refresh the cache","При завершении обмена данными прозошёл сбой. Обновите кэш."
"An error occurred while rebuilding the CatalogInventory Stock Status.","При складском переучёте произошёл сбой."
"An error occurred while rebuilding the catalog index.","При составлении расчётной таблицы товаров произошёл сбой."
"An error occurred while rebuilding the flat catalog category.","При пересоставлении расчётной таблицы товарных разделов произошёл сбой."
"An error occurred while rebuilding the flat product catalog.","При пересоставлении расчётной таблицы товаров произошёл сбой."
"An error occurred while rebuilding the search index.","При составлении расчётной таблицы для полнотекстового поиска произошёл сбой."
"An error occurred while refreshing roles.","При актуализации пролномочий роли прозошёл сбой."
"An error occurred while refreshing the Catalog Rewrites.","При переделке адресов страниц каталога произошёл сбой."
"An error occurred while refreshing the catalog rewrites.","При переделке адресов страниц каталога произошёл сбой."
"An error occurred while refreshing the Layered Navigation indices.","При переделке расчётной таблицы для пошаговой фильтрации произошёл сбой."
"An error occurred while refreshing the layered navigation indices.","При переделке расчётной таблицы для пошаговой фильтрации произошёл сбой."
"An error occurred while saving account.","При обновлении учётной записи произошёл сбой."
"An error occurred while saving review.","При сохранении отзыва произошёл сбой."
"An error occurred while saving the customer.","При сохранении данных покупателя произошёл сбой."
"An error occurred while saving this configuration:","При сохранении настроек произошёл сбой:"
"An error occurred while saving this role.","При сохранении роли произошёл сбой."
"An error occurred while saving this template.","При сохранении шаблона произошёл сбой."
"An error occurred while saving URL Rewrite.","При сохранении адреса произошёл сбой."
"An error occurred while updating the selected review(s).","При обновлении отзывов произошёл сбой."
"Any","Любое"
"Any Attribute Set","Любой прикладной тип товаров"
"Any data created since the backup was made will be lost including admin users, customers and orders.","Обратите внимание, что будут утрачены все данные, появившиеся в системе уже после создания этой резервной копии."
"Any Group","любая группа"
"Any Status","любое состояние"
"Any Store","любой магазин"
"Any Type","любой тип"
"Any Visibility","любая видимость"
"Apply Theme","Применить тему"
"Archive file name:","Имя файла архива:"
"Are you sure that you want to delete this template?","Вы действительно хотите удалить этот шаблон?"
"Are you sure that you want to strip tags?","Удалить все теги разметки HTML?"
"Are you sure you want to do this?","Подтверждаете операцию?"
"Are you sure you want to proceed?","Выполнить?"
"Area","Зона"
"As low as:","Начиная с:"
"ASCII","по символам ASCII"
"Assigned","Соответствует"
"Associated Tags","Внутреннее имя"
"Attribute Set Name:","Название прикладного типа товаров:"
"Attributes","Свойства"
"Automatic (equalize price ranges)","автоматически, с равным шагом цены"
"Automatic (equalize product counts)","автоматически, с распределнием товаров на примерно равные по количеству группы"
"Authorize","Разрешить"
"Authorize application","Разрешить"
"Authorized OAuth Tokens","Токены OAuth"
"Authorization confirmed","Разрешение получено"
"Authors","Авторы"
"Automatic","на усмотрение системы"
"Available Products","Доступные товары"
"Average Order Amount","Средний чек"
"Average Orders","Средний чек"
"Back","вернуться"
"Back to Login","Вернуться на форму авторизации"
"Backup","Резервное копирование"
"Backup Name","Название резервной копии"
"Backup options","Параметры резервной копии"
"Backup record was deleted.","Резервная копия удалена."
"Backups","Резервные копии"
"Base currency","Учётная валюта"
"Bcc","Скрытая копия (Bcc)"
"Bestsellers","Лидеры продаж"
"Big Image","Большое изображение"
"Billing Address","Плательщик"
"Billing Address: ","Плательщик:"
"Billing Agreement","Соглашение с PayPal о безакцептном списании"
"Billing Agreements","Соглашения с PayPal безакцептном списании"
"BINARY","по байтам (рекомендуется)"
"Add New Variable","Добавить переменную..."
"Add new variable","Добавить переменную..."
"Block Information","Параметры блока"
"Block Name","Тип блока"
"Blocks","Блоки, разрешённые в виджетах"
"Allowed","Разрешено"
"Is Allowed","Разрешено?"
"Edit Variable '%s'","Переменная «%s»"
"Variable Details","Параметры"
"Delete Variable","Удалить"
"Save Variable","Сохранить"
"New block","Новый блок"
"Block Details","Параметры"
"Not allowed","Запрещено"
"The variable has been saved.","Переменная сохранена."
"Variables","Переменные, разрешённые в виджетах"
"Both (without and with tax)","Обе (с налогом и без)"
"Both IPN and PDT","Оба IPN и PDT"
"Brands","Бренды"
"Browse Files...","Просмотреть файлы..."
"Bundle Items","Товары комплекта"
"Bundle with dynamic pricing cannot include custom defined options. Options will not be saved.","Товарный комплект с динамическими ценами не может содержать настраиваемые варианты. Варианты не будут сохранены."
"CMS","CMS"
"CRITICAL","КРИТИЧНО(Е)"
"CSV","CSV (разделитель — запятые)"
"CSV / Tab separated","CSV (разделитель — табуляция)"
"Cache Control","Управление кэшем"
"Cache Control (beta)","Управление кэшем (beta)"
"Cache Management","Кэширование"
"Cache Type","Тип кэша"
"Cancel","отменить"
"Cancel detach","Отменить исключение"
"Maximum length must be less then %s symbols","не более %s знаков"
"Cancel URL: ","URL отмены: "
"Cannot add new comment.","Невозможно добавить новый комментарий."
"Cannot add tracking number.","Невозможно добавить номер отслеживания."
"Cannot create an invoice without products.","Невозможно создать счёт без товаров."
"Cannot create credit memo for the order.","Система запрещает делать возврат оплаты за данный заказ (возврат нарушает заложенные в систему правила)."
"Cannot delete the design change.","При удалении правила смены оформления система дала сбой."
"Cannot delete tracking number.","Невозможно удалить номер отслеживания."
"Cannot do shipment for the order separately from invoice.","Невозможно создать доставку для заказа отличную от счёта."
"Cannot do shipment for the order.","Невозможно создать доставку для заказа."
"Cannot find the email address.","Невозможно найти e-mail адрес."
"Cannot initialize shipment for adding tracking number.","Невозможно инициализировать доставку для добавления номера отслеживания."
"Cannot initialize shipment for delete tracking number.","Невозможно инициализировать доставку для удаления номера отслеживания."
"Cannot load track with retrieving identifier.","Невозможно загрузить отслеживание с таким идентификатором."
"Cannot retrieve tracking number detail.","Невозможно получить информацию по номеру отслеживания."
"Cannot save shipment.","Невозможно сохранить доставку."
"Cannot save the credit memo.","При сохранении документа-возврата произошёл сбой. Диагностическое сообщение записано в журнал неполадок."
"Cannot send shipment information.","Невозможно отправить информацию о доставке."
"Cannot update item quantity.","Невозможно обновить количество товара."
"Cannot update the item\'s quantity.","Невозможно обновить количество товара."
"Card Verification Number","Код проверки подлинности карты (содержит 3 или 4 цифры, располагается на обратной стороне Вашей банковской карты, иногда называется CVV2 или CVC2)"
"Carrier","Перевозчик"
"Catalog","Каталог"
"Catalog Price Rules","Ценовые правила для каталога"
"Catalog Rewrites","Адреса страниц каталога"
"Categories","Разделы"
"Category","Раздел"
"Category:","Раздел:"
"Chairs","Стулья"
"Change Orientation","Изменить ориентацию"
"Channel","Канал"
"Chart is disabled. If you want to enable chart, click <a href=""%s"">here</a>.","<a href=""%s"">Показать график</a>."
"Checkbox","Галочка"
"Child Transactions","Подтранзакция"
"Choose Store View","укажите витрину"
"Choose Store View:","укажите витрину:"
"Choose a selection...","Выберите подборку..."
"Choose an attribute","Выберите свойство"
"Chosen category does not associated with any website, ","Указанный Вами товарный раздел не опубликован Вами ни на одном сайте, "
"Chosen product does not associated with any website, ","Указанный Вами товар не выставлен Вами ни на одну витрину, "
"Chosen category does not associated with any website, so url rewrite is not possible.","Указанный Вами товарный раздел не опубликован Вами ни на одном сайте, поэтому указание для него адреса страницы смысла не имеет и запрещено системой."
"Chosen product does not associated with any website, so url rewrite is not possible.","Указанный Вами товар не выставлен Вами ни на одну витрину, поэтому указание для него адреса страницы смысла не имеет и запрещено системой."
"Clear","Очистить"
"Close","Закрыть"
"Code","Код"
"Comment text field cannot be empty.","Текст комментария не может быть пустым."
"Comments History","История комментариев"
"Complete","Завершён"
"Configuration","Настройки"
"Config form fieldset clone model required to be able to clone fields","Раз Вы используете «clone_fields», Вы должны также указать «clone_model»."
"Confirm New Password","Пароль повторно"
"Confirm token authorization for admin","Окно для подтверждения администатором полномочий взаимодействующему с ним по протоколу OAuth 2.0 приложению"
"Confirm token authorization Pop Up for admin","Всплыващее окно для подтверждения администатором полномочий взаимодействующему с ним по протоколу OAuth 2.0 приложению"
"Confirmation Of Authorization","Подтверждение выдачи полномочий приложению"
"Confirmed email:","Проверен ли адрес электронной почты?"
"Connect with the Magento Community","Российский форум Magento"
"Content","Тексты"
"Contents","Содержание"
"Continue","Продолжить"
"Convert to Plain Text","Конвертировать в текст"
"Cookie (unsafe)","кукам (рискованно)"
"Country","Страна"
"Country:","Страна:"
"Coupons","Промокоды"
"Create","создание программы"
"Create DB Backup","Создать резервную копию БД"
"Create New Attribute","Описать новое свойство"
"Create URL Rewrite:","Адрес:"
"Created At","Создано"
"Creation date","Дата создания"
"Credit Card %s","Банковская карта %s"
"Credit Card Number","Номер банковской карты"
"Credit Card Number: xxxx-%s","Номер банковской карты: xxxx-%s"
"Credit Card Type","Тип банковской карты"
"Credit Card Type: %s","Тип банковской карты: %s"
"Credit Memo History","Замечания к документу"
"Credit Memo Totals","Сумма возврата"
"Credit Memos","Возвраты"
"Credit memo #%s comment added","Комментарий к возврату №%s добавлен"
"Credit memo #%s created","Документ-возврат №%s создан"
"Credit memo\'s total must be positive.","Величина возвратного платежа должна быть положительной."
"Currency","Валюта"
"Currency ""%s"" is used as %s in %s.","Нельзя отключить валюту «%s», потому что они используется как %s в магазине %s."
"Currency Information","Настройки валюты"
"Currency Setup Section","Раздел настроек валют"."
"Current Admin Password","Ваш текущий пароль"
"Current Configuration Scope:","Назначение текущих настроек:"
"Current Month","Текущий месяц"
"Custom","указать детально"
"Custom Colors","Настраиваемые цвета"
"Custom Variable ""%s""","Пользовательская переменная «%s»"
"Custom Variables","Пользовательские переменные"
"Customer","Покупатель"
"Customer Group:","Категория покупателей:"
"Customer Groups","Категории покупателей"
"Customer Name","Имя покупателя"
"Customer Reviews","Отзывы покупателя"
"Customer Shopping Carts","Корзины покупателя"
"Customer Since:","Дата регистрации:"
"Customer Tax Classes","Налоговые группы покупателей"
"Customer with the same email already exists.","Указанный Вами адрес электронной почты уже зарегистрирован в системе на другого покупателя."
"Customers","Покупатели"
"Customers by Number of Orders","Покупатели-лидеры по количеству заказов"
"Customers by Orders Total","Покупатели-лидеры по выручке"
"DHTML Date/Time Selector","DHTML выбор даты и времени"
"Dashboard","Сводка"
"Data Format","Формат данных"
"Data transfer:","Откуда взять файл?"
"Database","База данных"
"Dataflow - Advance Profiles","Нестандартные программы"
"Dataflow - Advanced Profiles","Нестандартные программы"
"Dataflow - Profiles","Стандартные программы"
"Date","Дата"
"Date & Time","Дата и время"
"Date Added","Дата добавления"
"Date Updated","Дата изменения"
"Date selection:","Выбор даты:"
"Date selector","Выбор даты"
"Day","День"
"Decimal separator:","Десятичный разделитель:"
"Default (Admin) Values","Стандартные значения свойств и настроек"
"Default Billing Address","Стандартные платёжные реквизиты"
"Default Config","Стандартные настройки"
"Default Template from Locale","Стандартный шаблон из локализации"
"Default Values","Значения по умолчанию"
"Default display currency ""%s"" is not available in allowed currencies.","Валюта по умолчанию «%s» не доступна в разрешённых валютах."
"Default scope","Область действия по умолчанию"
"Delete","Удалить"
"Delete %s","Удалить %s"
"Delete %s '%s'","Удалить %s «%s»"
"Delete File","Удалить файл"
"Delete Image","Удалить изображение"
"Delete Profile","Удалить программу"
"Delete Role","Удалить должность"
"Delete Store","Удалить магазин"
"Delete Store View","Удалить витрину"
"Delete Template","Удалить шаблон"
"Delete User","Удалить администратора"
"Delete Website","Удалить сайт"
"Description","Описание"
"Design","Оформление витрины"
"Design Section","Оформление"
"Detach from category","Исключить из раздела"
"Details","Подробности"
"Developer Section","Раздел разработчика"
"Direction:","Направление передачи данных:"
"Disable","Отключить"
"Disabled","Отключено"
"Display %s first","Выводить %s первым"
"Display default currency","Отображать валюту по умолчанию"
"Distributed under GNU LGPL. See %s for details.","Распространяется под лицензией GNU LGPL. Посетите %s для подробной информации."
"Do not enable AVS or CSC options.  The do not work when using Payflow Link Silent Mode.","Не включайте проверку допустимости адреса или CSC. Они не работают в режиме Payflow Link Silent."
"Do not set any fields in the Billing and Shipping Information block as editable in your Payflow accout.","Не делайте поля из блока Информация о доставке и плательщике редактируемыми в Вашем Payflow аккаунте."
"Do you really want to KILL parallel process and start new indexing process?","Действительно ли Вы хотите прервать и начать заново составление расчётных таблиц?"
"Do you really want to proceed?","Выполнить?"
"Download","Скачать"
"Download SKUs","Скачать артикулы"
"Downloads","Скачивания"
"Drag to move","Тяните, чтобы переместить"
"Drop-down","Выпадающий список"
"Edit","Изменить"
"Edit Design Change","Настройка правила"
"Edit Email Template","Правка шаблона письма"
"Edit Filter","Изменение фильтра"
"Edit Order","Изменение заказа"
"Edit Poll","Настройка опроса"
"Edit Queue","Настройка очереди"
"Edit Review","Правка отзыва"
"Edit Role","Настройка должности"
"Edit Store View","Настройка витрины"
"Edit System Template","Правка системного шаблона"
"Edit Template","Правка шаблона"
"Edit URL Rewrite","Правка адреса"
"Edit User","Правка учётной записи"
"Edit User '%s'","Администратор: «%s»"
"Edit Website","Настройка сайта"
"Email","Адрес электронной почты"
"Email Address:","Адрес электронной почты:"
"Email Preview","Предварительный просмотр письма"
"Email to a Friend","Функция «рассказать другу»"
"Email:","Адрес электронной почты:"
"Enable","Включить"
"Enable Secure Token:","Включить маркер безопасности:"
"Enabled","Включено"
"Enclose Values In:","Заключить значения в:"
"Enter a comma separated list of SKUs that will always be displayed at the top of your category","Перечислите артикулы товаров, которые должны отображаться выше других"
"Entity Attributes","Свойства сущности"
"Entity Type","Тип подлежащих обработке объектов"
"Entity type:","Тип подлежащих обработке объектов:"
"Error","Сбой"
"Excel XML","Excel XML"
"Excl. Tax","без НДС"
"Excl. Tax:","без НДС:"
"Exclude media folder from backup","Не включать в резервную копию папку media (в силу её большого размера)"
"Expiration Date","Дата истечения срока действия"
"Expiration Date: %s/%s","Дата истечения срока действия: %s/%s"
"Export","экспорт"
"Export CSV","Экспорт CSV"
"Export FAQ","Экспортировать FAQ"
"Export Filters","Фильтры экспорта"
"Export to:","экспортировать в:"
"Export:","Экспорт:"
"Extension","Расширение"
"Extensions","Расширения"
"FILTERS APPLIED","ФИЛЬТРЫ ПРИМЕНЕНЫ"
"FTP credentials","Параметры подключения по протоколу FTP"
"FTP Host","Доменное имя или адрес IP сервера FTP"
"FTP Host[:Port]","Доменное имя или адрес IP сервера FTP[:порт]"
"FTP Login","Системное имя пользователя FTP"
"FTP Password","Пароль пользователя FTP"
"Failed","Сбой"
"Failed to add a product to cart by id ""%s"".","Ошибка при добавлении товара в корзину по идентификатору «%s»."
"Failed to cancel the billing agreement.","При расторжении соглашения с PayPal о безакцептном списании произошёл сбой."
"Failed to clear the JavaScript/CSS cache.","При удалении кэша JavaScript/CSS произошёл сбой."
"Failed to delete the billing agreement.","При удалении соглашения с PayPal о безакцептном списании произошёл сбой."
"Failed to update the profile.","При обновлении программы произошёл сбой."
"Field","Поле"
"Field Mapping","Именование колонок"
"File","Файл"
"File Information","Файл для экспорта/импорта"
"File System","Файловая система"
"File name:","Имя файла:"
"File size should be more than 0 bytes","Размер файла должен быть более 0 байт"
"Files","Файлы"
"Final Price","Окончательная цена"
"Finished profile execution.","Программа выполнена."
"First Invoice Created Date","Дата создания первого счёта"
"File mode","Передавать файл"
"First Name","Имя"
"First Name is required field.","Имя — обязательное для заполнения поле."
"First Name:","Имя:"
"Fixed","Фиксированное значение"
"Flush Catalog Images Cache","Удалить кэш изображений каталога"
"Flush JavaScript/CSS Cache","Удалить кэш JavaScript/CSS"
"Flush Swatch Images Cache","Удалить кэш образцов"
"For category","товарного раздела"
"For latest version visit: %s","Последняя версия доступна здесь: %s"
"For product","товара"
"Forgot Admin Password","Инструкция по восстановлению административного пароля"
"Forgot your password?","Забыли пароль?"
"Forgot your user name or password?","Забыли своё системное имя или пароль?"
"From","От"
"Give the verifier code to application administrator","Передайте администратору приложения следующий код доступа"
"GLOBAL","всеобщая"
"Gb","Гб"
"General","Основное"
"General Information","Основная информация"
"General Section","Общий раздел"
"Get Image Base64","Получить изображение в Base64"
"Get help for this page","Помощь по странице"
"Global Attribute","Общее свойство"
"Global Record Search","поиск товара / заказа / покупателя"
"Global Search","Универсальный административный поиск товара /  заказа / покупателя"
"Go Today","Сегодня"
"Go to messages inbox","список уведомлений"
"Go to notifications","список уведомлений"
"Go to Top","Наверх"
"Google Base","Google Base (умерший сервис)"
"Google Content","Содержимое для Google"
"Google Sitemaps","Карты сайта"
"Grand Total","Объём продаж"
"Grid (default) / List","Плиткой, с возможностью переключения на список"
"Grid Only","Плиткой, без возможности переключения на список"
"Group:","Группа:"
"Guest","Гость"
"HTTP (unsecure)","HTTP (небезопасно)"
"HTTPS (SSL)","HTTPS (SSL)"
"Help Us Keep Magento Healthy - Report All Bugs","Помогите сделать Magento лучше — сообщайте обо всех ошибках"
"Helper attributes should not be used in custom layout updates.","Внутри дополнительных макетных правил нельзя использовать атрибут «helper». Если Вам нужно использовать атрибут «helper» — поместите Ваше макетное правило в файл макетных правил оформительской темы."
"Helper for options rendering doesn't implement required interface.","В помощнике для отображения параметров не реализован требуемый интерфейс."
"Hero Products","Товары-герои"
"Home","Главная"
"Id","№"
"ID","№"
"ID Path","Уникальный код"
"IP Address","адресу IP"
"IPN (Instant Payment Notification) Only","IPN (Instant Payment Notification) только"
"If there is an account associated with %s you will receive an email with a link to reset your password.","Инструкция по смене пароля выслана по адресу «%s»."
"If this message persists, please contact the store owner.","Если это сообщение будет продолжать появляться, пожалуйста, свяжитесь с владельцем магазина."
"If you do not specify an option value for a specific store view then the default (Admin) value will be used.","При неуказании индивидуального для витрины значения опции система будет использовать значение опции для административного интерфейса."
"If your Magento instance is used for multiple websites, you must configure a separate Payflow Link account for each website.","Если Ваш экземпляр Magento используется для нескольких сайтов, то вам необходимо настроить для каждого сайти свой Payflow Link аккаунт."
"Ignore","Игнорировать"
"Images","Изображения"
"Images (.gif, .jpg, .png)","Изображения (.gif, .jpg, .png)"
"Images Cache","Кэш изображений"
"Import","Импорт"
"Import / Export FAQ (Frequently Asked Questions)","Импорт / Экспорт FAQ (Часто задаваемые вопросы)"
"Import FAQ","Импортировать FAQ"
"Import Service","источник данных:"
"Import and Export","Импорт и экспорт"
"Import and Export Tax Rates","Импорт и экспорт налоговых ставок"
"Import/Export","Импорт/Экспорт"
"Import/Export Advanced","Расширенный Импорт/Экспорт"
"Import/Export Profile","Программа обмена данными"
"Important: ","Важно:"
"Imported <strong>%s</strong> records","Импортировано записей: <strong>%s</strong> "
"In","В"
"In Database:","в Magento:"
"In File:","в файле:"
"In Stock","в наличии"
"Inactive","отстранён"
"Inactive Tabs","Закрытые вкладки"
"Incl. Tax","с НДС"
"Incl. Tax:","с НДС:"
"Include","Включить"
"Incoming Message","Уведомление"
"Insert Variable...","Вставить переменную..."
"Interactive","я закачаю файл через браузер"
"Interface Locale: %s","Язык интерфейса: %s"
"Invalid data","Указанные Вами данные недопустимы"
"Invalid email address.","Указанный Вами адрес электронной почты недопустим."
"Invalid Form Key. Please refresh the page.","Форма для ввода данных устарела. Видимо, Вы её слишком долго заполняли, либо вообще попали на данную страницу по ошибке. Перезагрузите страницу в браузере и заполните форму заново."
"Invalid Import Service Specified","Указан неверный сервис импорта"
"Invalid password reset token.","Ссылка для восстановления пароля содержит неверный код."
"Invalid POST data (please check post_max_size and upload_max_filesize settings in your php.ini file).","Неверные данные, переданные через метод POST (проверьте значения post_max_size и upload_max_filesize в файле php.ini)."
"Invalid response","При выполнении текущей операции произошёл сбой"
"Invalid Secret Key. Please refresh the page.","Форма для ввода данных устарела. Видимо, Вы её слишком долго заполняли, либо вообще попали на данную страницу по ошибке. Перезагрузите страницу в браузере и заполните форму заново."
"Invalid timezone","Указанный часовой пояс недопустим"
"Invalid Username or Password.","Указанный пароль неверен, либо системное имя не зарегистрировано в системе."
"Invalid User Name or Password.","Указанный пароль неверен, либо системное имя не зарегистрировано в системе."
"Invalid directory: %s","Неверная папка: %s"
"Invalid email address ""%s"".","Система сочла адрес электронной почты «%s» недопустимым.<br/>Возможно, Вы допустили при написании опечатку?<br/>Если Вы считаете, что система неправа, то напишите об этом <a href='http://magento-forum.ru/forum/54/'>на форуме</a> с указанием проблемного адреса электронной почты."
"Invalid file: %s","Неверный файл: %s"
"Invalid input data for %s => %s rate","Неверные данные для курса %s => %s"
"Invalid parent block for this block","Неверный родительский блок для этого блока"
"Invalid parent block for this block.","Неверный родительский блок для этого блока."
"Invalid sender name ""%s"". Please use only visible characters and spaces.","Уберите нестандартные символы из имени отправителя «%s»."
"Invalidated","Отменено"
"Inventory","Учёт наличия"
"Inventory Stock Status","Количество товара на складе"
"Invoice #%s comment added","Добавлен комментарий к счёту #%s"
"Invoice #%s created","Создан счёт #%s"
"Invoice History","История счетов"
"Invoice Totals","Сумма оплаты"
"Invoice canceling error.","Ошибка при отмене счёта."
"Invoice capturing error.","Ошибка при записи счёта."
"Invoice voiding error.","При возвращении средств покупателю произошёл сбой."
"Invoices","Счета"
"Is Closed","последняя?"
"Is Default","По умолчанию"
"Issue Number","Номер проблемы"
"Issuer: %s","Сообщил: %s"
"Items","Позиции"
"JavaScript/CSS","JavaScript/CSS"
"JavaScript/CSS Cache","Кэш JavaScript/CSS"
"JavaScript seems to be disabled in your browser.","Похоже, в Вашем браузере не работает (отключен?) JavaScript."
"Kb","Кб"
"Last 24 Hours","Последние 24 часа"
"Last 5 Orders","Последние 5 заказов"
"Last 5 Search Terms","Последние 5 поисковых запросов"
"Last 7 Days","Последние 7 дней"
"Last Credit Memo Created Date","Дата создания последнего документа-возврата"
"Last Invoice Created Date","Дата создания последнего счёта"
"Last Logged In (%s):","Последнее посещение магазина (%s):"
"Last Logged In:","Последнее посещение магазина:"
"Last Name","Фамилия"
"Last Name is required field.","Фамилия — обязательное для заполнения поле."
"Last Name:","Фамилия:"
"Last updated: %s. To refresh last day\'s <a href=""%s"">statistics</a>, click <a href=""%s"">here</a>.","Последнее обновление: %s. Чтобы обновить <a href=""%s"">статистику</a> последних дней, нажмите <a href=""%s"">сюда</a>."
"Latest Message","Последнее уведомление"
"Latest Message:","Последнее уведомление:"
"Layered Navigation Indices","Расчётные таблицы пошаговой фильтрации"
"Layered Navigation Indices were refreshed.","Система обновила расчётные таблицы для пошаговой фильтрации."
"Leave empty to use tax identifier","Эти поля заполнять необязательно. Если поле незаполнено для конкретной витрины, то система будет использовать для этой витрины стандартное название, заданное выше в графе «Название»."
"Lifetime Sales","Объём продаж"
"Lifetime statistics have been updated.","Статистика за весь период обновлена."
"Links","Ссылки"
"Links with associated products will retain only after saving current product.","Связи с объединёнными товарами будут сохранены только после сохранения текущего товара."
"List (default) / Grid","Списком с возможностью перекд.ючения на плитку"
"List Only","Списком без возможности переключения на плитку"
"Load Template","Загрузить шаблон"
"Load default template","Загрузить стандартный шаблон"
"Loading...","Загружается..."
"Local Server","Локальный сервер"
"Local/Remote Server","я укажу путь к файлу"
"Locale","Локализация"
"Log In","Войти"
"Log in to use <strong>%s</strong>","Для использования приложения «<strong>%s</strong>» Вам нужно авторизоваться"
"Log Out","выйти"
"Log in to Admin Panel","Интерфейс администратора"
"Log into Magento Admin Page","Интерфейс администратора"
"Logged in as %s","%s"
"Login","Войти"
"Low Stock","Заканчивающиеся товары"
"MAJOR","ВАЖНО(Е)"
"MINOR","ОБЫЧНО(Е)"
"MS Excel XML","MS Excel XML"
"Magento Admin","Административная часть"
"Magento Commerce - Administrative Panel","Интерфейс администратора"
"Magento Connect","Бесплатные модули"
"Magento Connect Manager","Установка / удаление"
"Magento is a trademark of Magento Inc. Copyright &copy; %s Magento Inc.","Российская сборка Magento"
"Magento Logo","Логотип Magento"
"Magento root directory","Корневая папка Magento"
"Magento ver. %s","Российская сборка Magento %s"
"Magento&trade; is a trademark of Magento Inc.<br/>Copyright &copy; %s Magento Inc.","Торговая марка Magento&trade; принадлежит компании Magento Inc.<br/>Copyright &copy; %s Magento Inc."
"Main Tabs","Основные вкладки"
"Make Inactive","Сделать неактивной"
"Make sure that data encoding in the file is consistent and saved in one of supported encodings (UTF-8 or ANSI).","Убедитесь, что Ваш файл записан в кодировке UTF-8 без BOM."
"Make sure that you configure the design settings for the Payflow Link form in your Payflow link account.","Убедитесь, что Вы настроили параметры дизайна для формы Payflow Link в Вашем аккаунте Payflow link."
"Manage Attribute Sets","Типы товаров"
"Manage Attributes","Свойства товаров"
"Manage Categories","Разделы"
"Manage Content","Страницы"
"Manage Currency Rates","Валютные курсы"
"Manage Customers","Покупатели"
"Manage Options (values of your attribute)","Допустимые значения товарного свойства"
"Manage Ratings","Оценочные критерии"
"Manage Stores","Магазины"
"Manage Tax Rules","Правила"
"Manage Tax Zones & Rates","Ставки НДС"
"Manage Tax Zones and Rates","Ставки НДС"
"Manage Titles (Size, Color, etc.)","Видимые покупателям названия товарных свойств"
"Manage osCommerce Orders","Печеречь заказов из osCommerce"
"Manage osCommerce Profiles","Программы импорта данных из osCommerce"
"Manual","я сам укажу"
"Mass Product Assignment","Групповая привязка товаров"
"Matched Expression","браузеры"
"Max","Максимум"
"Maximum sender name length is 255. Please correct your settings.","Имя отправителя не должно превышать 255 символов."
"Mb","Мб"
"Media (.avi, .flv, .swf)","Медиа (.avi, .flv, .swf)"
"Media storages synchronization has completed!","Сверка хранилищ картинок завершена!"
"Menu","Меню"
"Messages Inbox","Уведомления"
"Min","Минимум"
"Minimum Order Amount","Минимальная стоимость заказа"
"Month","Месяц"
"More Tabs","Дополнительные вкладки"
"Most Viewed","Лидеры посещаемости"
"Most Viewed Products","Лидеры посещаемости"
"Move to bottom","Опустить вниз"
"Move to top","Поднять вверх"
"Multiple Select","Множественный выбор"
"My Account","Ваши данные"
"My Applications","Мои приложения"
"N/A","неизвестно"
"NOTICE","новость"
"Name","Имя"
"Name on Card","Имя владельца карты (латинскими буквами, в точности так, как написано на карте)"
"Name on the Card: %s","Имя владельца карты: %s"
"Name:","Имя:"
"Never (production)","никогда (используйте при промышленной эксплуатации)"
"New ","Новый "
"New API Key","Новый пароль"
"New Accounts","Новые учётные записи"
"New Attribute","Новое свойство"
"New attribute set mapping","Создать таблицу соответствия для прикладного типа товаров"
"New Block","Новый блок"
"New Category","Новый раздел"
"New Class","Новый класс"
"New Condition","Новое условие"
"New Custom Variable","Новая пользовательская переменная"
"New Customer","Новый покупатель"
"New Customers","Последние покупатели"
"New Design Change","Новое правило оформления"
"New Email Template","Новый шаблон письма"
"New Group","Новая группа"
"New Invoice","Новый счёт"
"New Item Type","Новый тип предмета "
"New Memo","Новый возврат оплаты"
"New Memo for #%s","Новый возврат оплаты для #%s"
"New Page","Новая страница"
"New Password","Новый пароль"
"New password field cannot be empty.","Вы забыли указать новый пароль."
"New Poll","Новый опрос"
"New Profile","Новая программа"
"New Rate","Новая ставка"
"New Rating","Новый оценочный критерий"
"New Review","Новый отзыв"
"New Role","Новая должность"
"New Rule","Новое правило"
"New Search","Новый поисковый запрос"
"New Set","Новый набор"
"New Shipment","Новая доставка"
"New Sitemap","Новая карта сайта"
"New Store View","Новая витрина"
"New System Template","Новый системный шаблон"
"New Tag","Новая пометка"
"New Template","Новый шаблон"
"New User","Регистрация администратора"
"New Variable","Новая переменная"
"New Website","Новый сайт"
"Newsletter","Рассылки"
"Newsletter Problems","Проблемы рассылки"
"Newsletter Queue","Очередь на рассылку"
"Newsletter Subscribers","Подписчики"
"Newsletter Templates","Шаблоны рассылок"
"Next month (hold for menu)","Следующий месяц (подержать для появления меню)"
"Next page","Следующая страница"
"Next year (hold for menu)","Следующий год (подержать для появления меню)"
"No","нет"
"No (price without tax)","Нет (цена без налога)"
"No Data","Данные отсутствуют"
"No Data Found","Данные не найдены"
"No Products","Товары не найдены"
"No Templates Found","Шаблоны не найдены"
"No change","Без изменений"
"No customer id defined.","Система требует номер покупателя"
"No information available.","Информация недоступна."
"No profile loaded...","Программа не загружена..."
"No records found for this period.","За указанный период записей не обнаружено."
"No records found.","нет данных"
"No report code specified.","Не указан код отчёта."
"No search keywords.","Пока никто ничего не искал."
"No search modules were registered","В системе отсутствуют модули для универсального административного поиска"
"No wishlist item id defined.","Система требует идентификатор записи из плана покупок."
"None","нет"
"Note:","Примечание:"
"Notes","Примечания"
"Notifications","Уведомления"
"Number of Orders","Заказов"
"Number of records:","Записей:"
"Number of Uses","Применений"
"Number of Views","Просмотров"
"OAuth authorization for admin","Авторизация администратора магазина по протоколу OAuth 2.0"
"OAuth authorization simple for admin","Упрощённая авторизация администратора магазина по протоколу OAuth 2.0"
"OAuth Consumers","Пользователи OAuth"
"OK","OK"
"Old rate:","Старый курс:"
"On my website","На моём сайте"
"Once you log into your Payflow Link account, navigate to the Service Settings - Hosted Checkout Pages - Set Up menu and set the options described below","Зайдите в свой личный кабинет на сайте PayPal и настройте опции раздела Service Settings - Hosted Checkout Pages - Set Up menu в соответствии с указаниями ниже.","Зайдите в свой личный кабинет на сайте PayPal и настройте опции раздела Service Settings - Hosted Checkout Pages - Set Up menu в соответствии с указаниями ниже."
"Once you log into your PayPal Advanced account, navigate to the Service Settings - Hosted Checkout Pages - Set Up menu and set the options described below","Зайдите в свой личный кабинет на сайте PayPal и настройте опции раздела Service Settings - Hosted Checkout Pages - Set Up menu в соответствии с указаниями ниже."
"Once you log into your PayPal Payflow Link account, navigate to the Service Settings - Hosted Checkout Pages - Set Up menu and set the options described below","Зайдите в свой личный кабинет на сайте PayPal и настройте опции раздела Service Settings - Hosted Checkout Pages - Set Up menu в соответствии с указаниями ниже."
"One or more media files failed to be synchronized during the media storages syncronization process. Refer to the log file for details.","Системе не удалось сверить некоторые файлы. Смотрите подробности в журнале неполадок системы."
"One or more of the Cache Types are invalidated:","Один или несколько типов кэша недействительны."
"Online Customers","Кто сейчас в магазине?"
"Only attributes with scope ""Global"", input type ""Dropdown"" and Use To Create Configurable Product ""Yes"" are available.","Доступны только свойства с доступностью «всеобщая», типом ввода «Выпадающий список» и значением «Да» в настройке «Позволять ли администратору использовать данное свойство в качестве опции настраиваемого товара?»."
"Only mapped fields","Только привязанные поля (mapped)"
"Only Once (version upgrade)","единократно (используйте при обновлении)"
"Optional","Необязательно"
"Options","Параметры"
"Options: ","Параметры: "
"Options is required","Укажите параметры для товара"
"Options menu items","Параметры позиций меню"
"Order","Заказ"
"Order #%s","Заказ #%s"
"Order #%s (%s)","Заказ #%s (%s)"
"Order Created Date","Дату создания заказа"
"Order ID","№ заказа"
"Order Totals","Стоимость заказа"
"Order Updated Date","Дату изменения заказа"
"Order Updated Date report is real-time, does not need statistics refreshing.","При выборе даты изменения заказа в качестве даты заказа система будет формировать отчёт в реальном времени, не прибегая к предварительным вычислениям."
"Order cannot be placed.","Заказ не может быть размещён."
"Orders","Заказы"
"Original Magento attribute names in first row:","Названы ли колонки внутренними именами соответствующих свойств Magento?<br><em>Это так в том случае, если Вы составили импортируемый файл на основе ранее экспортированного из Magento, не меняя названия колонок (в первой строке)</em>"
"Out of stock","Отсутствует"
"PDT (Payment Data Transfer) Only","Только передача данных о платеже (PDT)"
"Package","Пакет"
"Package Extensions","Опубликовать свой модуль (для программистов)"
"Packages","Пакеты"
"Page","страница"
"Pages","Самодельные страницы"
"Parent Product Thumbnail","Мини-изображение родительского товара"
"Parent Transaction ID","№ основной транзакции"
"Passive mode","Включить пассивный режим взаимодействия?<br/><em>(Попробуйте его, если активный режим не работает.)</em>"
"Password","Пароль"
"Password Confirmation","Подтверждение пароля"
"Password confirmation must be same as password.","Подтверждение пароля должно совпадать с паролём."
"Password must be at least of %d characters.","Пароль должен быть не менее %d символов."
"Password must include both numeric and alphabetic characters.","Пароль должен содержать как числа, так и буквы."
"Password:","Пароль:"
"Path","Путь"
"Path:","Путь:"
"Payment method instance is not available.","Модуль оплаты дал сбой. Вероятно, он неправильно установлен или неправильно разработан."
"Payment method is not available.","Данный способ оплаты запрещено использовать для данного заказа. Источником запрета может быть как модуль оплаты, так и ядро Magento."
"Payment method must be specified.","Укажите способ оплаты данного заказа."
"Pending Reviews","Отзывы, ожидающие проверки"
"Pending Tags","Пометки, ожидающие проверки"
"Per Item","За единицу"
"Per Order","За заказ"
"Percent","Процент"
"Performed At","Дата выполнения"
"Period","Интервал"
"Permanent (301)","Да, постоянное (код 301)"
"Permissions","Администраторы"
"Personal Information","Личная информация"
"Phone:","Телефон:"
"Please Select","Выберите"
"Please confirm site switching. All data that hasn't been saved will be lost.","Сменить область действия настроек?\nУбедитесь, что Вы сохранили всю информацию на текущем экране."
"Please confirm site switching. All data that hasn\'t been saved will be lost.","Сменить область действия настроек?\nУбедитесь, что Вы сохранили всю информацию на текущем экране."
"Please continue with placing order.","Продолжайте оформление заказа."
"Please enter 6 or more characters.","Укажите значение длиной не менее 6 символов."
"Please enter a number greater than 0 in this field.","Укажите положительное число."
"Please enter a valid $ amount. For example $100.00.","Укажите денежную сумму в долларах, поставив перед дней знак доллара. Например: «$100.00»."
"Please enter a valid URL. For example http://www.example.com or www.example.com","Укажите правильный веб-адрес. Например: «http://www.example.com» или «www.example.com»."
"Please enter a valid URL. http:// is required","Укажите правильный веб-адрес. Не забудьте, что правильный веб-адрес начинается с символов «http://»."
"Please enter a valid credit card number.","Укажите правильный номер банковской карты."
"Please enter a valid date.","Укажите правильную дату."
"Please enter a valid email address. For example johndoe@domain.com.","Укажите правильный адрес электронной почты. Например, «ivanov@mail.ru»."
"Please enter a valid email.","Укажите правильный адрес электронной почты."
"Please enter a valid number in this field.","Укажите в этом поле число (именно число, без букв)."
"Please enter a valid phone number. For example (123) 456-7890 or 123-456-7890.","Система не смогла распознать указанный Вами номер телефона. Укажите номер телефона в каком-либо общеупотребительном формате."
"Please enter a valid social security number. For example 123-45-6789.","Укажите правильный номер социального страхования. Например, 123-45-6789."
"Please enter a valid value from list","Выбрите одно из перечисленных в списке значений"
"Please enter a valid value, ex: 10,20,30","Укажите в данном поле одно или несколько натуральных чисел. Числа разделяйте запятыми, например: 10,20,30"
"Please enter a valid zip code.","Укажите правильный почтовый индекс."
"Please enter a valid zip code. For example 90602 or 90602-1234.","Укажите правильный почтовый индекс. Например, 690014."
"Please enter another credit card number to complete your purchase.","Укажите номер другой банковской карты."
"Please enter password","Укажите пароль"
"Please enter password to confirm rollback.","Для восстановления резервной копии введите снова Ваш пароль."
"Please enter valid password.","Укажите пароль длиной не менее 6 символов."
"Please make sure that all global admin search modules are installed and activated.","Убедитесь, что модули для универсального административного поиска установлены и включены."
"Please make sure that your changes were saved before running the profile.","Перед запуском программы не забудьте сохранить её настройки."
"Please make sure your passwords match.","Укажите одно и то же значение в обоих полях для пароля."
"Please note, this category is set to automatically sort. Any drag-and-drop positions will be reset.","Этот раздел настроен на автоматическое упорядочивание в списке разделов, поэтому перетаскивать его мышкой вручную смысла нет."
"Please select State/Province.","Укажите область."
"Please select a customer.","Укажите покупателя."
"Please select a store.","Укажите магазин."
"Please select an option.","Укажите параметр."
"Please select catalog searches.","Укажите поисковые запросы для удаления."
"Please select customer(s).","Укажите покупателей"
"Please select message(s).","Укажите уведомления."
"Please select one of the above options.","Укажите один из перечисленных вариантов."
"Please select one of the options.","Укажите один из вариантов."
"Please select review(s).","Укажите отзывы."
"Please select tag(s).","Укажите пометки."
"Please specify at least start or end date.","Укажите начальную или конечную дату (или обе)."
"Please specify backup creation options","Параметры резервного копирования"
"Please specify the admin custom URL.","Укажите новый веб-адрес для административной части."
"Please try to logout and sign in again.","Выйдите из системы и войдите снова."
"Please type the letters from the image:","Введите изображённые на картинке символы:"
"Please use in this field only ""a-z,0-9,_"".","Используйте в этом поле только «a-z,0-9,_»."
"Please use letters only (a-z) in this field.","Используйте в этом поле только буквы (a-z)."
"Please use numbers only in this field. Please avoid spaces or other characters such as dots or commas.","Используйте в этом поле только цифры. Избегайте пробелы или другие символы (точки, запятые и т.п.)."
"Please use only letters (a-z or A-Z), numbers (0-9) or spaces in this field.","В этом поле допустимы только латинские буквы, цифры и пробелы."
"Please use only letters (a-z) or numbers (0-9) only in this field. No spaces or other characters are allowed.","В этом поле допустимы только латинские буквы и цифры. Пробелы и другие символы запрещены."
"Please use only letters (a-z) or numbers (0-9) or spaces and # only in this field.","В этом поле допустимы только латинские буквы, цифры и символ #."
"Please use this date format: dd/mm/yyyy. For example 17/03/2006 for the 17th of March, 2006.","Используйте следующий формат даты: дд/мм/гггг. Например, 17/03/2006 для 17-го марта 2006-го года."
"Please wait","Загрузка..."
"Please wait while the indexes are being refreshed.","Дождитесь составления расчётных таблиц..."
"Please wait, loading...","Загрузка..."
"Please wait...","Подождите..."
"Please, add some answers to this poll first.","Добавьте варианты ответов для этого опроса."
"Please, select ""Visible in Stores"" for this poll first.","Укажите сначала видимость этого опроса для магазинов."
"Poll Manager","Опросы"
"Polls","Опросы"
"Popular","Популярные"
"Position","Положение"
"Position of Watermark for %s","Расположение водяного знака для %s"
"Pregenerated configurable swatches image files.","Заранее созданные образцы."
"Pregenerated product images files.","Заранее созданные изображения товаров."
"Preset Theme","Предустановленная тема"
"Prev. month (hold for menu)","Пред. месяц (подержать для появления меню)"
"Prev. year (hold for menu)","Пред. год (подержать для появления меню)"
"Preview","показать на витрине"
"Preview Template","Предварительный просмотр шаблона"
"Previous page","Предыдущая страница"
"Price","Цена"
"Price alert subscription was saved.","Подписка на оповещение об изменении цены на товар успешно сохранена."
"Price:","Цена:"
"Processed <strong>%s%% %s/%d</strong> records","Обработано <strong>%s%% %s/%d</strong> записей"
"Processing","Обработка"
"Product","Товар"
"Product Name","Название товара"
"Product Name3 ","Название товара3"
"Product Name3 1","Название товара3 1"
"Product Name3 2","Название товара3 2"
"Product Reviews","Отзывы товара"
"Product Tax Classes","Налоговые группы товаров"
"Product Thumbnail Itself","Мини-изображение товара"
"Product is not loaded.","Товар не загружен."
"Product not available in this website","Этот товар не привязан к текущему магазину"
"Product:","Товар:"
"Products","Товары"
"Products Bestsellers Report","Лидеры продаж"
"Products Most Viewed Report","Самые просматриваемые товары"
"Products Ordered","Заказанные товары"
"Products in Carts","Товары в корзинах"
"Profile Action","Тип операции"
"Profile Actions XML","В виде XML"
"Profile Direction","Направление передачи данных"
"Profile History","Журнал работы"
"Profile Information","Основные параметры"
"Profile Name","Название программы"
"Profile Payments","Платежи"
"Profile Schedule","Периодичность"
"Profile Wizard","Параметры"
"Profiles","Программы"
"Promo","Реклама"
"Promotions","Ценовые правила"
"Purchased Item","Приобретённые товары"
"Put store on the maintenance mode while backup creation","Приостанавливать работу магазина на время создания резервной копии"
"Put store on the maintenance mode while rollback processing","Приостанавливать работу магазина на время восстановления резервной копии"
"Qty","Количество"
"Qty:","Количество:"
"Quantity","Продано товаров"
"Queue Refresh","Обновить очередь"
"Queued... Cancel","Поставлено в очередь... Отменить"
"Radio Buttons","Радио кнопки"
"Rates","Цены"
"Read details","подробности"
"Rebuild","Перестроить"
"Rebuild Flat Catalog Category","Перестроить расчётные (денормализованные) таблицы товарных разделов"
"Rebuild Flat Catalog Product","Перестроить расчётные (денормализованные) таблицы товаров"
"Rebuild Catalog Index","Перестроить расчётные таблицы для каталога товаров"
"Recent Orders","Последние заказы"
"Recent statistics have been updated.","Последняя статистика обновлена."
"Recurring Profile View","Периодическая услуга"
"Recursive Dir","Рекурсивная папка"
"Redirect","Это — перенаправление?<br/><i>Если да, то, в графе «Вид для посетителей» укажите исходный адрес, а в графе «Вид для системы» — адрес назначения</i>"
"Reference","Образец"
"Reference ID","№ образца"
"Refresh","Обновить"
"Refresh Now*","Обновить сейчас*"
"Refresh Roles","Актуализировать полномочия"
"Refresh Statistics","Обновить статистику"
"Region/State","Область"
"Regular Price:","Обычная цена:"
"Reject","Отказаться"
"Reject token authorization for admin","Всплывающий диалог отзыва полномочий у приложения OAuth 2.0"
"Reject token authorization Pop Up for admin","Всплывающий диалог отзыва полномочий у приложения OAuth 2.0"
"Rejection Of Authorization","Отзыв полномочий у приложения"
"Release","Выпуск"
"Release Stability","Стабильность выпуска"
"Release Version","Версия выпуска"
"Reload captcha","Показать другую картинку"
"Remote FTP","Удалённый FTP"
"Remove","Удалить"
"Reports","Отчёты"
"Request Path","Вид для посетителей"
"Required","Обязательно"
"Required settings","Обязательные настройки"
"Reset","Сбросить"
"Reset Filter","сбросить фильтр"
"Reset Password","Восстановление пароля"
"Reset a Password","Восстановление пароля"
"Reset Successful","Успешно сброшено"
"Resize","Изменить размер"
"Resource Access","Полномочия"
"Resources","Доступные разделы и допустимые операции"
"REST Roles","Полномочия пользователей программного интерфейса REST"
"Results","Результаты"
"Retrieve Password","Восстановить пароль"
"Return Html Version","Вернуть HTML версию"
"Return URL: ","Веб-адрес возврата: "
"Revenue","Выручка"
"Reviews","Отзывы"
"Reviews and Ratings","Оценочные критерии и отзывы"
"Rewrite Rules","Адреса страниц"
"Role ID","№ должности"
"Role Info","Настройки должности"
"Role Information","Настройки должности"
"Role Name","Название должности"
"Role Resources","Полномочия должности"
"Role Users","Администраторы в этой должности"
"Roles","Должности"
"Roles Resources","Полномочия должностей"
"Root Category","Корневой раздел"
"Rotate CCW","Повернуть против часовой"
"Rotate CW","Повернуть по часовой"
"Run","запуск программы"
"Run Profile","Запустить..."
"Run Profile Inside This Window","Запустить программу в текущем окне"
"Run Profile in Popup","Запустить программу в новом окне"
"Running... Kill","Выполняется... Нажмите для прекращения"
"SKU","Артикул"
"SKU:","Артикул:"
"SORT BY:","Сортировать по:"
"SSL Error: Invalid or self-signed certificate","Ошибка SSL: Неверный или самостоятельно подписанный сертификат"
"Sales","Продажи"
"Sales Report","Отчёт по продажам"
"Samples","Демо-образцы"
"Save","сохранить и вернуться"
"Save & Generate","сохранить настройки и создать"
"Save Account","сохранить учётную запись"
"Save Cache Settings","сохранить настройки кэша"
"Save Config","сохранить настройки"
"Save Currency Rates","сохранить курсы валют"
"Save Profile","сохранить программу"
"Save Role","утвердить должность"
"Save Template","сохранить шаблон"
"Save Theme","сохранить тему"
"Save User","сохранить данные"
"Save and Continue Edit","сохранить и остаться"
"Screens:","Экраны:"
"Search","Применить фильтр"
"Search entire store here...","поиск по магазину"
"Search Index","Расчётная таблица для полнотекстового поиска"
"Search Term","Поисковый запрос"
"Search Terms","Поисковые запросы"
"Searching...","Ищем..."
"Select","Выбрать"
"Select All","выбрать все"
"Select Category","Выбрать раздел"
"Select Date","Выбрать дату"
"Select Range","Выбрать период"
"Select Template","Выбрать шаблон"
"Select Visible","выбрать видимые"
"Select date","Выбрать дату"
"Selected allowed currency ""%s"" is not available in installed currencies.","Валюта «%s», которую Вы указали в списке разрешённых к использованию валют, незарегистрирована в системе. Регистрация валюты в системе осуществляется в административном разделе «Система» → «Настройки» → «Настройки повышенной сложности» → «Система» → «Валюты» → «Зарегистрированные в системе валюты»."
"Selected base currency is not available in installed currencies.","Валюта, которую Вы указали в качестве учётной, незарегистрирована в системе. Регистрация валюты в системе осуществляется в административном разделе «Система» → «Настройки» → «Настройки повышенной сложности» → «Система» → «Валюты» → «Зарегистрированные в системе валюты»."
"Selected default display currency is not available in allowed currencies.","Валюта, которую Вы указали в качестве основной валюты витрины, запрещена к использованию в системе. Разрешение на использование валюты в системе  настраивается в административном разделе «Система» → «Настройки» → «Общие» → «Валюты» → «Основные настройки» → «Разрешённые к использованию валюты»."
"Selected default display currency is not available in installed currencies.","Валюта, которую Вы указали в качестве основной валюты витрины, незарегистрирована в системе. Регистрация валюты в системе осуществляется в административном разделе «Система» → «Настройки» → «Настройки повышенной сложности» → «Система» → «Валюты» → «Зарегистрированные в системе валюты»."
"Self-assigned roles cannot be deleted.","Назначенные себе должности нельзя удалять."
"Sender","Отправитель"
"Separate Email","Отдельный (другой) email"
"Shipment #%s comment added","Комментарий к доставке #%s успешно добавлен"
"Shipment #%s created","Доставка #%s создана"
"Shipment Comments","Комментарии к доставке"
"Shipment History","История доставки"
"Shipments","Доставки"
"Shipping","Доставка"
"Shipping Address","Адрес доставки"
"Shipping Address: ","Адрес доставки:"
"Shipping Methods","Способы доставки"
"Shipping Origin","Место отправления"
"Shipping Price","Цена доставки"
"Shipping address selection is not applicable","К сожалению, в настоящий момент выбранный Вами способ оплаты использовать невозможно. Выберите другой."
"Shipping method must be specified.","Укажите способ доставки данного заказа."
"Shipping method selection is not applicable","К сожалению, в настоящий момент выбранный Вами способ доставки использовать невозможно. Выберите другой."
"Shopping Cart","Корзина покупок"
"Shopping Cart Price Rules","Ценовые правила для корзины"
"Shopping Cart from %s","Корзина из %s"
"Show By","Показывать по"
"Show Report For","Витрина"
"Show Report For:","Витрина:"
"Show Reviews","Показать отзывы"
"Show confirmation page: ","Показать страницу подтверждения: "
"Silent Post URL:","Silent Post URL:"
"Sitemap Information","Параметры карты сайта"
"Size for %s","Размер для %s"
"Skip Category Selection","Пропустить выбор раздела"
"Slideshow","Слайд-шоу"
"Some items in this order have different invoice and shipment types. You can create shipment only after the invoice is created.","Некоторые товары в этом заказе имеют разные типы счёта и доставки. Вы можете создать доставку только после создания счёта."
"Some of the ordered items do not exist in the catalog anymore and will be removed if you try to edit the order.","Некоторые из заказанных товаров больше не существуют в каталоге и будут удалены, если Вы попытаетесь отредактировать заказ."
"Some other FAQ","Некоторые другие FAQ"
"Sorry, this feature is coming soon...","Извините, эта функциональность ещё не реализована..."
"Sort options","порядок"
"Sort Order","порядок"
"Special Price:","Цена со скидкой:"
"Specific Countries","да"
"Specified","Указанный"
"Specified profile does not exist.","Система не нашла указанную программу."
"Spreadsheet Name:","Название таблицы:"
"Start Date","Начальная дата"
"Start/Reset Validation...","Начать/Прервать проверку"
"Starting at:","от:"
"Starting profile execution, please wait...","Программа выполняется, подождите..."
"State/Province:","Область:"
"Static Blocks","Самодельные блоки"
"Status","Состояние"
"Status:","Состояние:"
"Stock Quantity:","Количество в наличии:"
"Stock notification was saved.","Система сохранила настройки предупреждения о заканчивающихся товарах."
"Store","Магазин"
"Store Email Addresses Section","Раздел адресов электронной почты магазина"
"Store View","Витрина"
"Store:","Магазин:"
"Storefronts : ","Витрины : "
"Stores","Магазины"
"Subject","Тема"
"Submit","Выполнить"
"Subpackage cannot be conflicting.","Подпакет не может быть в конфликте."
"Subtotal","стоимость товаров"
"Symbol","Символ"
"Switch/Solo card issue number: %s","Номер Switch/Solo карты: %s"
"Switch/Solo card start Date: %s/%s","Дата Switch/Solo карты: %s/%s"
"Switch/Solo/Maestro Only","Только Switch/Solo/Maestro"
"Switch/Solo/Maestro(UK Domestic) Only","Только Switch/Solo/Maestro(UK Domestic)"
"Switch/Solo/Maestro(UK Domestic) card issue number: %s","Номер Switch/Solo/Maestro(UK Domestic) карты: %s"
"Switch/Solo/Maestro(UK Domestic) card start Date: %s/%s","Дата Switch/Solo/Maestro(UK Domestic) карты: %s/%s"
"Synchronization is required.","Требуется сверка."
"Synchronization of media storages has been successfully completed.","Сверка хранилищ картинок завершена."
"Synchronize","Сверить"
"Synchronizing %s to %s","Сверяю %s из %s"
"Synchronizing...","Сверка..."
"System","Система"
"System Section","Системный раздел"
"System busy","Система занята"
"T-Shirts","T-Shirts"
"Tags","Пометки"
"Target","Цель"
"Target Path","Вид для системы"
"Tax","НДС"
"Tb","Тб"
"Tell a Friend","Покажи другу"
"Template","Шаблон"
"Template Content","Макет письма"
"Template Information","Настройки шаблона"
"Template Name","Название шаблона"
"Template Styles","Стили шаблона"
"Template Subject","Тема письма"
"Template Type","Тип шаблона"
"Temporary (302)","Да, временное (код 302)"
"Terms and Conditions","Условия продажи"
"Text","Текст"
"The backup's creation process will take time.","Резервное копирование выполняется не мгновенно."
"The Catalog Rewrites were refreshed.","Система обновила адреса страниц каталога в соответствии с Вашими настройками товаров и товарных разделов."
"The CatalogInventory Stock Status has been rebuilt.","Складской переучёт завершён."
"The Comment Text field cannot be empty.","Текст комментария не может быть пустым."
"The credit memo has been voided.","Документ-возврат аннулирован."
"The Flat Catalog Product was rebuilt","Система перестроила расчётную таблицу товаров."
"The invoice and the shipment  have been created. The shipping label cannot be created at the moment.","Счёт и накладная созданы. Адресный ярлык не создан."
"The item %s (SKU %s) does not exist in the catalog anymore.","Товар «%s» с артикулом «%s» неизвестен в системе (может, был удалён?)."
"The JavaScript/CSS cache has been cleaned.","Кэш JavaScript/CSS удалён."
"The JavaScript/CSS cache has been cleared.","Кэш JavaScript/CSS удалён."
"The Layered Navigation indexing has been queued.","Система запланировала обновление расчётных таблиц для пошаговой фильтрации."
"The Layered Navigation indexing queue has been canceled.","Система отменила план обновления расчётных таблиц для пошаговой фильтрации."
"The Layered Navigation indices were refreshed.","Система обновила расчётные таблицы для пошаговой фильтрации."
"The Layered Navigation process has been queued to be killed.","Система запланировала прекращение обработки расчётных таблиц для пошаговой фильтрации."
"The Magento cache storage has been flushed.","Данные кэша Magento удалены."
"The URL Rewrite has been deleted.","Адрес удалён."
"The URL Rewrite has been saved.","Адрес сохранён."
"The account has been saved.","Учётная запись сохранена."
"The archive can be uncompressed with <a href=""%s"">%s</a> on Windows systems","Для распаковки используйте WinRAR или <a href=""%s"">%s</a>"
"The attribute set has been removed.","Прикладные типы товаров удалён."
"The backup has been created.","Резервная копия создана."
"The billing agreement has been canceled.","Соглашение с PayPal о безакцептном списании расторгнуто."
"The billing agreement has been deleted.","Соглашения с PayPal о безакцептном списании удалено."
"The cache storage has been flushed.","Хранилище кэша очищено."
"The card has failed verification with the issuer bank.","Карта не прошла проверку у банка, который её выдал."
"The carrier needs to be specified.","Необходимо указать перевозчика."
"The catalog index has been rebuilt.","Расчётная таблица для товарного каталога обновлена."
"The catalog rewrites have been refreshed.","Система обновила адреса страниц каталога в соответствии с Вашими настройками товаров и товарных разделов."
"The configurable swatches image cache was cleaned.","Кэш образцов удалён."
"The configuration has been saved.","Настройки сохранены."
"The credit memo has been canceled.","Документ-возврат оплаты отменён."
"The credit memo has been created.","Документ-возврат оплаты создан."
"The custom variable has been deleted.","Пользовательская переменная удалена."
"The custom variable has been saved.","Пользовательская переменная сохранена."
"The customer has been deleted.","Данные покупателя удалены из системы."
"The customer has been saved.","Данные покупателя сохранены."
"The design change has been deleted.","Правило оформления удалено."
"The design change has been saved.","Правило оформления сохранено."
"The email address is empty.","Укажите адрес электронной почты."
"The email template has been deleted.","Шаблон письма удалён."
"The email template has been saved.","Шаблон письма сохранён."
"The flat catalog category has been rebuilt.","Система перестроила расчётную таблицу товарных разделов."
"The group node name must be specified with field node name.","Название узла группы должно быть указано в поле название узла."
"The image cache was cleaned.","Кэш изображений удалён."
"The image cache was cleared.","Кэш изображений удалён."
"The information in this tab has been changed.","Информация на этой вкладке была изменена."
"The invoice and shipment have been created.","Счёт и доставка созданы."
"The invoice has been canceled.","Счёт отменён."
"The invoice has been captured.","Счёт оплачен."
"The invoice has been created.","Счёт создан."
"The invoice has been voided.","Счёт отменён, средства возвращены покупателю."
"The invoice no longer exists.","Счёт больше не существует."
"The order does not allow creating an invoice.","Заказ не позволяет создать счёт."
"The order no longer exists.","Заказ больше не существует."
"The poll has been deleted.","Опрос удалён."
"The poll has been saved.","Опрос сохранён."
"The profile you are trying to save no longer exists","Программа, которую Вы хотите сохранить, неизвестна системе. Может быть, она была удалена?"
"The profile has been deleted.","Программа удалена."
"The profile has been saved.","Программа сохранена."
"The profile has been updated.","Программа обновлена."
"The profile has no changes.","В программе отсутствуют изменения."
"The rating has been deleted.","Оценочный критерий удалён."
"The rating has been saved.","Оценочный критерий сохранён."
"The role has been deleted.","Должность удалена."
"The role has been saved.","Должность утверждена."
"The role has been successfully saved.","Должность утверждена."
"The roles have been refreshed.","Полномочия успешно актуализированы."
"The search index has been rebuilt.","Система завершила составление расчётной таблицы для полнотекстового поиска."
"The shipment has been created.","Доставка создана."
"The shipment has been sent.","Доставка отправлена."
"The shipping label has been created.","Адресный ярлык успешно создан."
"The tag has been deleted.","Пометки удалена."
"The tag has been saved.","Пометки сохранена."
"The transaction details have been updated.","Транзакция успешно обновлена."
"The user has been deleted.","Администратор удалён."
"The user has been saved.","Администратор сохранён."
"Theme Design","Цвета, шрифты, спецэффекты"
"Theme has been saved.","Тема сохранена."
"Theme Layout","Страница в целом"
"Theme Settings","Элементы витрины"
"Themes JavaScript and CSS files combined to one file.","JavaScript и CSS файлы темы объединены в один файл."
"There has been wrong payment information submitted or time limit has expired. Please, try again.","При проведении платежа произошёл сбой. Возможно, платёжная информация неправильна. Так же сбой мог произойти на стороне платёжной системы. Проверьте платёжную информацию и повторите попытку."
"There is an error in one of the option rows.","Система не в состоянии распознать указанные Вами опции товара."
"This Account is","Допуск к работе"
"This action cannot be undone.","Операция восстановления резервной копии необратима."
"This category is set to only include products matched by rules","Этот товарный раздел настроен на включение только отвечающих правилам товаров"
"This Email template no longer exists.","Этот шаблон письма больше не существует."
"This Role no longer exists","Эта должность больше не существует"
"This Role no longer exists.","Эта должность больше не существует."
"This account is","Допуск к работе"
"This account is inactive.","Вы отстранены от работы."
"This attribute set does not have attributes which we can use for configurable product","У этого прикладного типа товаров отсутствуют свойства, которые можно использовать для настраиваемых товаров"
"This attribute shares the same value in all the stores","У этого свойства одинаковые значения во всех магазинах"
"This is a demo store. Any orders placed through this store will not be honored or fulfilled.","Магазин ещё находится в разработке, заказы пока не принимаются."
"This is a required field.","Это обязательное поле."
"This product is currently disabled.","В данный момент этот товар отключен."
"This report depends on timezone configuration. Once timezone is changed, the lifetime statistics need to be refreshed.","Если Вы решите сменить часовой пояс сервера, то вам потребуется пересчитать все статистические данные."
"This section is not allowed.","Доступ к этому разделу запрещён."
"This tab contains invalid data. Please solve the problem before saving.","На этой вкладке содержатся неверные данные. Исправьте их перед сохранением."
"This user no longer exists.","Этот администратор не зарегистрирован в системе."
"Thumbnail","Мини-изображение"
"Time","Время"
"Time selection:","Выбор времени:"
"Time:","Время:"
"Timeout limit for response from synchronize process was reached.","Превышено время ожидания ответа от процесса сверки."
"Title bar","Строка заголовка"
"To","До"
"To cancel pending authorizations and release amounts that have already been processed during this payment, click Cancel.","Для отмены не обработанных авторизаций (pending authorizations) и освобождения средств, которые уже были обработаны для этого платежа, нажмите Отменить."
"To use Payflow Link, you must configure your Payflow Link account on the Paypal website.","Для использования Payflow Link Вам необходимо настроить эту функциональность в Вашем личном кабинете PayPal."
"To use PayPal Payflow Link, you must configure your PayPal Payflow Link account on the PayPal website.","Для использования PayPal Payflow Link Вам необходимо настроить эту функциональность в Вашем личном кабинете PayPal."
"To use PayPal Payments Advanced, you must configure  your PayPal Payments Advanced account on the PayPal website.","Для использования PayPal Payments Advanced Вам необходимо настроить эту функциональность в Вашем личном кабинете PayPal."
"Toggle Editor","Включить/выключить редактор"
"Tools","Инструменты"
"Top 5 Search Terms","5 самых популярных поисковых запросов"
"Total","Всего"
"Total %d records found","всего объектов: %d"
"Total Invoiced","Выставлено счетов на сумму"
"Total Order Amount","Общая выручка"
"Total Refunded","Сумма возвратов"
"Total of %d record(s) have been deleted.","Удалено объектов: %d."
"Total of %d record(s) have been updated.","Обновлено объектов: %d."
"Total of %d record(s) were canceled.","Отменено сообщений %d."
"Total of %d record(s) were deleted","Удалено объектов: %d."
"Total of %d record(s) were deleted.","Удалено объектов: %d."
"Total of %d record(s) were updated","Обновлено объектов: %d."
"Total of %d record(s) were updated.","Обновлено объектов: %d."
"Track Order","Отследить заказ"
"Track this shipment","Отследить груз"
"Tracking number %s for %s assigned","Номер отслеживания %s назначен для %s"
"Tracking number cannot be empty.","Номер отслеживания не может быть пустым."
"Transaction Data","Данные транзакции"
"Transaction Details","Подробности транзакции"
"Transaction ID","№ транзакции"
"Transaction Type","Тип транзакции"
"Transactional Emails","Письма-оповещения"
"Transactions","Транзакции"
"Try Magento Go for Free","Попробовать Magento Go бесплатно"
"Type","Тип"
"Type:","Тип:"
"URL Rewrite","Адрес страницы"
"URL Rewrite Information","Параметры адреса"
"URL Rewrite Management","Адреса страниц"
"Unable to cancel the credit memo.","При отмене документа-возврата произошёл сбой."
"Unable to find a Email Template to delete.","Система не нашла подлежащий удалению шаблон письма."
"Unable to find a poll to delete.","Система не нашла подлежащий удалению опрос."
"Unable to find a tag to delete.","Система не нашла подлежащую удалению пометку."
"Unable to find a user to delete.","Система не нашла подлежащую удалению учётную запись администратора."
"Unable to initialize import model","Невозможно инициализировать модель импорта"
"Unable to refresh lifetime statistics.","Невозможно обновить статистику за весь период."
"Unable to refresh recent statistics.","Невозможно обновить последнюю статистику."
"Unable to save Cron expression","При сохранении распорядка планировщика задач прозошёл сбой."
"Unable to save the cron expression.","При сохранении распорядка планировщика задач прозошёл сбой."
"Unable to save the invoice.","Невозможно сохранить счёт."
"Unable to send the invoice email.","Невозможно послать письмо со счётом."
"Unable to send the shipment email.","Невозможно послать письмо о доставке."
"Unable to update transaction details.","При обновлении транзакции произошёл сбой."
"Unable to void the credit memo.","При аннулировании возврата произошёл сбой."
"Unknown","Неизвестный"
"Unknown Error","Неизвестная ошибка"
"Unknown Error.","Неизвестная ошибка."
"Unlimited","Бесконечно"
"Unselect All","сбросить выбор"
"Unselect Visible","сбросить выбор с видимых"
"Update","обновление программы"
"Update Preview","Обновить предварительный просмотр"
"Updated At","Обновлено"
"Upload File","Закачать файл"
"Upload Files","Закачать файлы"
"Upload HTTP Error","HTTP ошибка при закачивании"
"Upload I/O Error","Ошибка ввода/вывода (I/O) при закачивании"
"Upload Security Error","Ошибка безопасности при закачивании"
"Upload import file","Закачать файл для импорта"
"Uploaded file is larger than %.2f kilobytes allowed by server","Загрузка этого файла на сервер невозможна, потому что администратор сервера установил ограничение на размер загружаемых файлов (%.2f килобайтов), а Ваш файл его превышает."
"Use All Available Attributes","использовать все доступные свойства"
"Use Config Settings","использовать общие настройки (указанные в разделе «Система» → «Настройки»)"
"Use Default","по умолчанию"
"Use Default Value","по умолчанию"
"Use Default Variable Values","Использовать стандартные значения"
"Use FTP Connection","Использовать для файловых операций протокол FTP"
"Use Silent Post:","Использовать Silent Post:"
"Use Website","Использовать настройки сайта"
"Used Currently For","В данный момент используется для"
"Used as Default For","Используется по умолчанию для"
"User","Администратор"
"User Email","Адрес электронной почты администратора"
"User ID","№ пользователя"
"User Info","Учётная запись"
"User Information","Администратор"
"User Name","Системное имя"
"User Name is required field.","Системное имя — обязательное для заполнения поле."
"User Name:","Системное имя:"
"User Password","Пароль"
"User Role","Должность"
"User Roles","Должности администратора"
"User Roles Information","Должности адмиинистратора"
"User Type Resources","Полномочия"
"User name","Системное имя"
"Users","Администраторы"
"Utilities","Инструменты"
"Validation Results","Проверка результатов"
"Value","новое значение вместе указанного выше стандартного значения"
"Value Delimiter:","Разделитель:"
"Variable","Переменная"
"Variable Code","Код переменной"
"Variable HTML Value","HTML значение переменной"
"Variable ID","№ переменной"
"Variable Name","Имя переменной"
"Variable Plain Value","Текстовое значение переменной"
"VAT Number is Invalid","ИНН не прошёл валидацию."
"VAT Number is Valid","ИНН успешно прошёл валидацию."
"Verification Failed","Проверка не прошла"
"Verification Successful","Ваша банковская карта одобрена"
"Verification cannot be processed","Проверка не может быть проведена"
"Verifier code: %s","Код для подтверждения: "
"View","по"
"View Actions XML","Программа в виде XML"
"View Details","Просмотреть подробности"
"View Full Size","Просмотреть оригинальный размер"
"View Gallery","Просмотреть галерею"
"View Memo","Открыть документ-возврат"
"View Memo for #%s","Открыть документ-возврат для #%s"
"View Shipment","Просмотреть доставку"
"View Statistics For","Витрины"
"View Statistics For:","Витрины:"
"Visibility:","Видимость:"
"Warning","Предупреждение"
"Warning! Empty value can cause problems with CSV format.","Внимание! Пустое значение может вызвать проблемы с CSV форматом."
"Warning!\r\nThis action will remove this user from already assigned role\r\nAre you sure?","Внимание!\r\nДанное действие исключит этого администратора из ранее назначенных должностей.\r\nВы уверены?"
"Warning!\r\nThis action will remove those users from already assigned roles\r\nAre you sure?","Внимание!\r\nДанное действие исключит этих администраторов из уже назначенных должностей.\r\nВы уверены?"
"Warning: All related AirMail messages will be deteted!\n Are you sure you want to do this?","Внимание: Все связанные с AirMail сообщения будут удалены!\n Подтверждаете операцию?"
"Warning: Please do not close the window during importing/exporting data","Предупреждение: пожалуйста, не закрывайте окно во время импорта/экспорта данных"
"Watermark File for %s","Файл с водяным знаком для %s"
"We appreciate our merchants\' feedback, please <a href=""#"" onclick=""surveyAction(\'yes\'); return false;"">take our survey</a> to provide insight on the features you would like included in Magento. <a href=""#"" onclick=""surveyAction(\'no\'); return false;"">Remove this notification</a>","Мы ценим любые замечания от наших пользователей. <a href=""#"" onclick=""surveyAction(\'yes\'); return false;"">Примите участие в опросе</a>, чтобы сообщить о возможностях, которые Вы хотели бы видеть в Magento.  <a href=""#"" onclick=""surveyAction(\'no\'); return false;"">Удалить это уведомление</a>."
"We detected that your JavaScript seem to be disabled.","Вероятно, у Вас отключен JavaScript."
"We\'re in our typing table, coding away more features for Magento. Thank you for your patience.","В данный момент мы уже создаём новую функциональность для Magento. Благодарим Вас за терпение."
"Web Section","Раздел Web"
"Web Services","Доступ извне"
"Web services","Доступ извне"
"Website","Сайт"
"What is this?","Что это?"
"Wishlist Report","Отчёт о планах покупок"
"Wishlist item is not loaded.","Система не нашла требуемую запись из плана покупок."
"Wrong account specified.","Система не смогла найти администратора, для которого была создана эта ссылка для восстановления пароля."
"Wrong billing agreement ID specified.","Система не нашла соглашение с PayPal о безакцептном списании с указанным идентификатором."
"Wrong column format.","Неверный формат колонки."
"Wrong newsletter template.","Неверный шаблон письма рассылки"
"Wrong quote item.","Неверная quote позиция."
"Wrong tab configuration.","При создании вкладки произошёл сбой."
"Wrong tag was specified.","Система не нашла указанную пометку."
"Wrong transaction ID specified.","Транзация с указанным номером не существует."
"XML","XML"
"XML data is invalid.","Макетные правила должны соответствовать формату XML, однако указанные Вами не прошли валидацию как XML."
"XML object is not instance of ""Varien_Simplexml_Element"".","При выполнении операции произошёл сбой: объект не приналдежит классу ""Varien_Simplexml_Element""."
"YTD","Год"
"Year","Год"
"Yes","да"
"Yes (301 Moved Permanently)","Да (301 Перенесено на всегда)"
"Yes (302 Found)","Да (302 найдено)"
"Yes (only price with tax)","Да (только цена с налогом)"
"You cannot delete your own account.","Вы не можете удалить свою учётную запись."
"You have %s unread message(s).","Непрочитанные уведомления: %s."
"You have %s unread message(s). <a href=""%s"">Go to messages inbox</a>.","Непрочитанные уведомления: %s. <a href=""%s"">Показать их</a>."
"You have %s, %s and %s unread messages. <a href=""%s"">Go to messages inbox</a>.","Непрочитанные уведомления: %s, %s, %s. <a href=""%s"">Показать их</a>."
"You have unread message(s)","новые уведомления"
"You have logged out.","Вы вышли из системы."
"You have not enough permissions to use this functionality.","У Вас недостаточно прав для использования этой функциональности."
"You must have JavaScript enabled in your browser to utilize the functionality of this website.","Вы должны включить JavaScript в Вашем браузере, чтобы использовать все функции этого сайта."
"You need to specify order items.","Вы должны указать товары для заказа."
"You will need to wait when the action ends.","Оно может занимать как несколько секунд, так и побольше времени (после первого выполнения сами оцените)."
"Your answers contain duplicates.","Ваши ответы содержат дубликаты."
"Your password has been updated.","Пароль успешно изменён."
"Your password reset link has expired.","Восстановление пароля по этой ссылке уже невозможно, потому что срок действия этой ссылки уже истёк."
"Your server PHP settings allow you to upload files not more than %s at a time. Please modify post_max_size (currently is %s) and upload_max_filesize (currently is %s) values in php.ini if you want to upload larger files.","Настройки интерпретатора PHP на Вашем сервере позволяют Вам загружать на сервер не более %s файлов за раз общим размером %s.<br/>Эти ограничения заданы параметрами upload_max_filesize и post_max_size соответственно.<br/>Если Вы хотите закачивать за раз больше файлов либо файлы большего размера, то Вам нужно изменить значения этих параметров интерпретатора PHP."
"Your web server is configured incorrectly. As a result, configuration files with sensitive information are accessible from the outside. Please contact your hosting provider.","Из-за неправильной настройки Вашего веб-сервера файл «app/etc/local.xml» с секретными данными Вашего магазина (обычно — с паролем к базе данных магазина) доступен любому желающему.<br/>Возможно, это вызвано утратой файлов .htaccess (например, при некачественном копировании сайта по протоколу FTP).<br/>Обратитесь к специалисту для устранения проблемы."
"Zip/Postal Code","Почтовый индекс"
"Zip/Postal Code:","Почтовый индекс:"
"Zoom","Иллюстрации"
"[ deleted ]","[ удалено ]"
"[GLOBAL]","[общая]"
"[STORE VIEW]","[витрина]"
"[WEBSITE]","[сайт]"
"b","б"
"close","закрыть"
"critical","критичных"
"example: ""sitemap/"" or ""/"" for base path (path must be writeable)","пример: «sitemap/» или «/» для базового пути (путь должен быть доступен для записи)"
"example: sitemap.xml","пример: sitemap.xml"
"failed","провалилось"
"from","от"
"images/logo.gif","images/logo.gif"
"items selected","объектов выбрано"
"major","важных"
"minor","обычных"
"notice","новостей"
"of %s pages","из %s"
"per page","на страницу"
"so url rewrite is not possible.","поэтому указание для него адреса страницы смысла не имеет и запрещено системой."
"store(%s) scope","Область действия магазина(%s)"
"successful","успешно"
"to","до"
"website(%s) scope","область действия сайта(%s)"
"{{base_url}} is not recommended to use in a production environment to declare the Base Unsecure URL / Base Secure URL. It is highly recommended to change this value in your Magento <a href=""%s"">configuration</a>.","{{base_url}} не рекомендуется использовать на рабочей копии сайта для объявления Базового небезопасного URL / Базового безопасного URL. Настоятельно рекомендуем изменить это значение в <a href=""%s"">настройках</a> Magento."
"Last updated: %s. To refresh last day's <a href=""%s"">statistics</a>, click <a href=""%s"">here</a>.","Последнее обновление: %s.<br/><a href=""%s"">Пересчитать всё</a><br/><a href=""%s"">Пересчитать данные последних суток</a>"